id_trab,tipo,01/01,02/01,03/01,04/01,05/01,06/01,07/01,08/01,09/01,10/01,11/01,12/01,13/01,14/01,15/01,16/01,17/01,18/01,19/01,20/01,21/01,22/01,23/01,24/01,25/01,26/01,27/01,28/01,29/01,30/01,31/01
FIJ001,fijo,LIBRE,VADN012,LIBRE,LIBRE,VAC,VAC,VAC,VAC,VAC,VAC,VAC,VAC,VAC,VAC,VAC,VAC,VAC,VAC,VAC,VADN012,VADN012,VADN012,VADN012,LIBRE,LIBRE,VADN012,VADN012,VADN012,VADN012,VADN012,LIBRE
FIJ002,fijo,LIBRE,VADN013,LIBRE,LIBRE,VADN013,LIBRE,VADN013,VADN013,VADN013,LIBRE,LIBRE,VADN013,VADN013,VADN013,VADN013,VADN013,LIBRE,LIBRE,VAC,VAC,VAC,VAC,VAC,VAC,VAC,VAC,VAC,VAC,VAC,VAC,VAC
FIJ003,fijo,LIBRE,VADN014,LIBRE,LIBRE,VADN014,LIBRE,VADN014,VADN014,VADN014,LIBRE,LIBRE,VADN014,VADN014,VADN014,VADN014,VADN014,LIBRE,LIBRE,VADN014,VADN014,VADN014,VADN014,VADN014,LIBRE,LIBRE,VADN014,VADN014,VADN014,VADN014,VADN014,LIBRE
FIJ004,fijo,LIBRE,VADN015,LIBRE,LIBRE,VADN015,LIBRE,VADN015,VADN015,VADN015,LIBRE,LIBRE,VADN015,VADN015,VADN015,VADN015,VADN015,LIBRE,LIBRE,VADN015,VADN015,VADN015,VADN015,VADN015,LIBRE,LIBRE,VADN015,VADN015,VADN015,VADN015,VADN015,LIBRE
FIJ005,fijo,LIBRE,VADN016,LIBRE,LIBRE,VADN016,LIBRE,VADN016,VADN016,VADN016,LIBRE,LIBRE,VADN016,VADN016,VADN016,VADN016,VADN016,LIBRE,LIBRE,VADN016,VADN016,VADN016,VADN016,VADN016,LIBRE,LIBRE,VADN016,VADN016,VADN016,VADN016,VADN016,LIBRE
FIJ006,fijo,LIBRE,VADN017,LIBRE,LIBRE,VADN017,LIBRE,VADN017,VADN017,VADN017,LIBRE,LIBRE,VADN017,VADN017,VADN017,VADN017,VADN017,LIBRE,LIBRE,VADN017,VADN017,VADN017,VADN017,VADN017,LIBRE,LIBRE,VADN017,VADN017,VADN017,VADN017,VADN017,LIBRE
FIJ007,fijo,LIBRE,VADN018,LIBRE,LIBRE,VADN018,LIBRE,VADN018,VADN018,VADN018,LIBRE,LIBRE,VADN018,VADN018,VADN018,VADN018,VADN018,LIBRE,LIBRE,VADN018,VADN018,VADN018,VADN018,VADN018,LIBRE,LIBRE,VADN018,VADN018,VADN018,VADN018,VADN018,LIBRE
FIJ008,fijo,LIBRE,VADN019,LIBRE,LIBRE,VADN019,LIBRE,VADN019,VADN019,VADN019,LIBRE,LIBRE,VADN019,VADN019,VADN019,VADN019,VADN019,LIBRE,LIBRE,VADN019,VADN019,VADN019,VADN019,VADN019,LIBRE,LIBRE,VADN019,VADN019,VADN019,VADN019,VADN019,LIBRE
FIJ009,fijo,LIBRE,VADN020,LIBRE,LIBRE,VADN020,LIBRE,VADN020,VADN020,VADN020,LIBRE,LIBRE,VADN020,VADN020,VADN020,VADN020,VADN020,LIBRE,LIBRE,VADN020,VADN020,VADN020,VADN020,VADN020,LIBRE,LIBRE,VADN020,VADN020,VADN020,VADN020,VADN020,LIBRE
FIJ010,fijo,LIBRE,VADN021,LIBRE,LIBRE,VADN021,LIBRE,VADN021,VADN021,VADN021,LIBRE,LIBRE,VADN021,VADN021,VADN021,VADN021,VADN021,LIBRE,LIBRE,VADN021,VADN021,VADN021,VADN021,VADN021,LIBRE,LIBRE,VADN021,VADN021,VADN021,VADN021,VADN021,LIBRE
FIJ011,fijo,LIBRE,VADN023,LIBRE,LIBRE,VADN023,LIBRE,VADN023,VADN023,VADN023,LIBRE,LIBRE,LIBRE,VADN023,VADN023,VADN023,VADN023,LIBRE,LIBRE,LIBRE,VADN023,VADN023,VADN023,VADN023,LIBRE,LIBRE,LIBRE,VADN023,VADN023,VADN023,VADN023,LIBRE
FIJ012,fijo,LIBRE,LIBRE,LIBRE,LIBRE,VADN024,LIBRE,VADN024,VADN024,VADN024,LIBRE,LIBRE,LIBRE,VADN024,VADN024,VADN024,LIBRE,LIBRE,LIBRE,VADN024,VADN024,VADN024,VADN024,LIBRE,LIBRE,LIBRE,VADN024,VADN024,LIBRE,LIBRE,VADN024,LIBRE
FIJ013,fijo,LIBRE,VADN033,LIBRE,LIBRE,VADN033,LIBRE,VADN033,VADN033,VADN033,LIBRE,LIBRE,VADN033,VADN033,VADN033,VADN033,VADN033,LIBRE,LIBRE,VADN033,VADN033,VADN033,VADN033,VADN033,LIBRE,LIBRE,VADN033,VADN033,VADN033,VADN033,VADN033,LIBRE
FIJ014,fijo,LIBRE,VADN035,LIBRE,LIBRE,VAC,VAC,VAC,VAC,VAC,VAC,VAC,VAC,VAC,VAC,VAC,VAC,VAC,VAC,VAC,VADN035,VADN035,VADN035,VADN035,LIBRE,LIBRE,VADN035,VADN035,VADN035,VADN035,VADN035,LIBRE
FIJ015,fijo,LIBRE,VADN036,LIBRE,LIBRE,VADN036,LIBRE,VADN036,VADN036,VADN036,LIBRE,LIBRE,VADN036,VADN036,VADN036,VADN036,VADN036,LIBRE,LIBRE,VAC,VAC,VAC,VAC,VAC,VAC,VAC,VAC,VAC,VAC,VAC,VAC,VAC
FIJ016,fijo,LIBRE,VADN037,LIBRE,LIBRE,VADN037,LIBRE,VADN037,VADN037,VADN037,LIBRE,LIBRE,VADN037,VADN037,VADN037,VADN037,VADN037,LIBRE,LIBRE,VADN037,VADN037,VADN037,VADN037,VADN037,LIBRE,LIBRE,VADN037,VADN037,VADN037,VADN037,VADN037,LIBRE
FIJ017,fijo,LIBRE,VADN039,LIBRE,LIBRE,VADN039,LIBRE,VADN039,VADN039,VADN039,LIBRE,LIBRE,VADN039,VADN039,VADN039,VADN039,VADN039,LIBRE,LIBRE,VADN039,VADN039,VADN039,VADN039,VADN039,LIBRE,LIBRE,VADN039,VADN039,VADN039,VADN039,VADN039,LIBRE
FIJ018,fijo,LIBRE,VADP001,LIBRE,LIBRE,VADP001,LIBRE,VADP001,VADP001,VADP001,LIBRE,LIBRE,VADP001,VADP001,VADP001,VADP001,VADP001,LIBRE,LIBRE,VADP001,VADP001,VADP001,VADP001,VADP001,LIBRE,LIBRE,VADP001,VADP001,VADP001,VADP001,VADP001,LIBRE
FIJ019,fijo,LIBRE,VADP002,LIBRE,LIBRE,VADP002,LIBRE,VADP002,VADP002,VADP002,LIBRE,LIBRE,VADP002,VADP002,VADP002,VADP002,VADP002,LIBRE,LIBRE,VADP002,VADP002,VADP002,VADP002,VADP002,LIBRE,LIBRE,VADP002,VADP002,VADP002,VADP002,VADP002,LIBRE
FIJ020,fijo,LIBRE,H,LIBRE,LIBRE,H,LIBRE,H,H,H,LIBRE,LIBRE,H,H,H,H,H,LIBRE,LIBRE,H,H,H,H,H,LIBRE,LIBRE,H,H,H,H,H,LIBRE
FIJ021,fijo,LIBRE,REF CAL M,LIBRE,LIBRE,REF CAL M,LIBRE,REF CAL M,REF CAL M,REF CAL M,LIBRE,LIBRE,REF CAL M,REF CAL M,REF CAL M,REF CAL M,REF CAL M,LIBRE,LIBRE,REF CAL M,REF CAL M,REF CAL M,REF CAL M,REF CAL M,LIBRE,LIBRE,REF CAL M,REF CAL M,REF CAL M,REF CAL M,REF CAL M,LIBRE
FIJ022,fijo,LIBRE,REF CAL T,LIBRE,LIBRE,REF CAL T,LIBRE,REF CAL T,REF CAL T,REF CAL T,LIBRE,LIBRE,REF CAL T,REF CAL T,REF CAL T,REF CAL T,REF CAL T,LIBRE,LIBRE,REF CAL T,REF CAL T,REF CAL T,REF CAL T,REF CAL T,LIBRE,LIBRE,REF CAL T,REF CAL T,REF CAL T,REF CAL T,REF CAL T,LIBRE
FIJ023,fijo,LIBRE,VADN151,LIBRE,LIBRE,VADN151,LIBRE,VADN151,VADN151,VADN151,LIBRE,LIBRE,VADN151,VADN151,VADN151,VADN151,VADN151,LIBRE,LIBRE,VADN151,VADN151,VADN151,VADN151,VADN151,LIBRE,LIBRE,VADN151,VADN151,VADN151,VADN151,VADN151,LIBRE
FIJ024,fijo,LIBRE,VADN153,LIBRE,LIBRE,VADN153,LIBRE,VADN153,VADN153,VADN153,LIBRE,LIBRE,VADN153,VADN153,VADN153,VADN153,VADN153,LIBRE,LIBRE,VADN153,VADN153,VADN153,VADN153,VADN153,LIBRE,LIBRE,VADN153,VADN153,VADN153,VADN153,VADN153,LIBRE
FIJ025,fijo,LIBRE,VADN161,LIBRE,LIBRE,VADN161,LIBRE,VADN161,VADN161,VADN161,LIBRE,LIBRE,VADN161,VADN161,VADN161,VADN161,VADN161,LIBRE,LIBRE,VADN161,VADN161,VADN161,VADN161,VADN161,LIBRE,LIBRE,VADN161,VADN161,VADN161,VADN161,VADN161,LIBRE
FIJ026,fijo,LIBRE,VADN164,LIBRE,LIBRE,VADN164,LIBRE,VADN164,VADN164,VADN164,LIBRE,LIBRE,VADN164,VADN164,VADN164,VADN164,VADN164,LIBRE,LIBRE,VADN164,VADN164,VADN164,VADN164,VADN164,LIBRE,LIBRE,VADN164,VADN164,VADN164,VADN164,VADN164,LIBRE
FIJ027,fijo,LIBRE,VADN171,LIBRE,LIBRE,VAC,VAC,VAC,VAC,VAC,VAC,VAC,VAC,VAC,VAC,VAC,VAC,VAC,VAC,VAC,VADN171,VADN171,VADN171,VADN171,LIBRE,LIBRE,VADN171,VADN171,VADN171,VADN171,VADN171,LIBRE
FIJ028,fijo,LIBRE,VADN172,LIBRE,LIBRE,VADN172,LIBRE,VADN172,VADN172,VADN172,LIBRE,LIBRE,VADN172,VADN172,VADN172,VADN172,VADN172,LIBRE,LIBRE,VAC,VAC,VAC,VAC,VAC,VAC,VAC,VAC,VAC,VAC,VAC,VAC,VAC
FIJ029,fijo,LIBRE,VADN174,LIBRE,LIBRE,VADN174,LIBRE,VADN174,VADN174,VADN174,LIBRE,LIBRE,VADN174,VADN174,VADN174,VADN174,VADN174,LIBRE,LIBRE,VADN174,VADN174,VADN174,VADN174,VADN174,LIBRE,LIBRE,VADN174,VADN174,VADN174,VADN174,VADN174,LIBRE
FIJ030,fijo,LIBRE,VADN175,LIBRE,LIBRE,VADN175,LIBRE,VADN175,VADN175,VADN175,LIBRE,LIBRE,VADN175,VADN175,VADN175,VADN175,VADN175,LIBRE,LIBRE,VADN175,VADN175,VADN175,VADN175,VADN175,LIBRE,LIBRE,VADN175,VADN175,VADN175,VADN175,VADN175,LIBRE
FIJ031,fijo,LIBRE,VADN176,LIBRE,LIBRE,VADN176,LIBRE,VADN176,VADN176,VADN176,LIBRE,LIBRE,VADN176,LIBRE,VADN176,VADN176,VADN176,LIBRE,LIBRE,LIBRE,VADN176,VADN176,VADN176,VADN176,LIBRE,LIBRE,LIBRE,VADN176,VADN176,VADN176,VADN176,LIBRE
FIJ032,fijo,LIBRE,VADN178,LIBRE,LIBRE,VADN178,LIBRE,VADN178,VADN178,VADN178,LIBRE,LIBRE,VADN178,VADN178,VADN178,VADN178,VADN178,LIBRE,LIBRE,VADN178,VADN178,VADN178,VADN178,VADN178,LIBRE,LIBRE,VADN178,VADN178,VADN178,VADN178,VADN178,LIBRE
FIJ033,fijo,LIBRE,VADN179,LIBRE,LIBRE,VADN179,LIBRE,VADN179,VADN179,VADN179,LIBRE,LIBRE,VADN179,VADN179,VADN179,VADN179,VADN179,LIBRE,LIBRE,VADN179,VADN179,VADN179,VADN179,VADN179,LIBRE,LIBRE,VADN179,VADN179,VADN179,VADN179,VADN179,LIBRE
FIJ034,fijo,LIBRE,VADN182,LIBRE,LIBRE,VADN182,LIBRE,VADN182,VADN182,VADN182,LIBRE,LIBRE,VADN182,VADN182,VADN182,VADN182,VADN182,LIBRE,LIBRE,VADN182,VADN182,VADN182,VADN182,VADN182,LIBRE,LIBRE,VADN182,VADN182,VADN182,VADN182,VADN182,LIBRE
FIJ035,fijo,LIBRE,VADN183,LIBRE,LIBRE,VADN183,LIBRE,VADN183,VADN183,VADN183,LIBRE,LIBRE,VADN183,VADN183,VADN183,VADN183,VADN183,LIBRE,LIBRE,VADN183,VADN183,VADN183,VADN183,VADN183,LIBRE,LIBRE,VADN183,VADN183,VADN183,VADN183,VADN183,LIBRE
FIJ036,fijo,LIBRE,VADN191,LIBRE,LIBRE,VADN191,LIBRE,VADN191,VADN191,VADN191,LIBRE,LIBRE,VADN191,VADN191,VADN191,VADN191,VADN191,LIBRE,LIBRE,VADN191,VADN191,VADN191,VADN191,VADN191,LIBRE,LIBRE,VADN191,VADN191,VADN191,VADN191,VADN191,LIBRE
FIJ037,fijo,LIBRE,VADN192,LIBRE,LIBRE,VADN192,LIBRE,VADN192,VADN192,VADN192,LIBRE,LIBRE,VADN192,VADN192,VADN192,VADN192,VADN192,LIBRE,LIBRE,VADN192,VADN192,VADN192,VADN192,VADN192,LIBRE,LIBRE,VADN192,VADN192,VADN192,VADN192,VADN192,LIBRE
FIJ038,fijo,LIBRE,VADN193,LIBRE,LIBRE,VADN193,LIBRE,VADN193,VADN193,VADN193,LIBRE,LIBRE,VADN193,VADN193,VADN193,VADN193,VADN193,LIBRE,LIBRE,VADN193,VADN193,VADN193,VADN193,VADN193,LIBRE,LIBRE,VADN193,VADN193,VADN193,VADN193,VADN193,LIBRE
FIJ039,fijo,LIBRE,VADN195,LIBRE,LIBRE,VADN195,LIBRE,VADN195,VADN195,VADN195,LIBRE,LIBRE,VADN195,VADN195,VADN195,VADN195,VADN195,LIBRE,LIBRE,VADN195,VADN195,VADN195,VADN195,VADN195,LIBRE,LIBRE,VADN195,VADN195,VADN195,VADN195,VADN195,LIBRE
MIX001,mixto,LIBRE,VADN007,LIBRE,LIBRE,VAC,VAC,VAC,VAC,VAC,VAC,VAC,VAC,VAC,VAC,VAC,VAC,VAC,VAC,VAC,VADN007,VADN007,VADN007,VADN007,LIBRE,LIBRE,VADN007,VADN007,VADN007,VADN007,VADN007,LIBRE
MIX002,mixto,LIBRE,VADN008,VADN002,LIBRE,LIBRE,LIBRE,VADN008,VADN008,VADN008,VADN002,LIBRE,VADN008,VADN008,VADN008,VADN008,VADN008,LIBRE,LIBRE,VAC,VAC,VAC,VAC,VAC,VAC,VAC,VAC,VAC,VAC,VAC,VAC,VAC
MIX003,mixto,LIBRE,VADN009,LIBRE,LIBRE,LIBRE,LIBRE,VADN009,VADN009,VADN009,VADN003,LIBRE,VADN009,VADN009,VADN009,VADN009,VADN009,LIBRE,LIBRE,VADN009,VADN009,VADN009,VADN009,VADN009,LIBRE,LIBRE,VADN009,VADN009,VADN009,VADN009,VADN009,VADN003
MIX004,mixto,LIBRE,VADN010,LIBRE,LIBRE,VADN010,LIBRE,VADN010,VADN010,VADN010,LIBRE,LIBRE,VADN010,VADN010,VADN010,VADN010,VADN010,LIBRE,LIBRE,VADN010,VADN010,VADN010,VADN010,VADN010,LIBRE,LIBRE,VADN010,VADN010,VADN010,VADN010,VADN010,VADN005
MIX005,mixto,LIBRE,LIBRE,VADN006,LIBRE,VADN011,LIBRE,VADN011,VADN011,VADN011,LIBRE,LIBRE,VADN011,VADN011,VADN011,VADN011,VADN011,LIBRE,LIBRE,VADN011,VADN011,VADN011,VADN011,VADN011,LIBRE,LIBRE,VADN011,VADN011,VADN011,VADN011,VADN011,LIBRE
PAT001,patron,VADN162,LIBRE,LIBRE,LIBRE,VADN162,LIBRE,LIBRE,LIBRE,VADN162,VADN162,LIBRE,VADN162,VADN162,VADN162,LIBRE,LIBRE,VADN162,LIBRE,VADN162,VADN162,LIBRE,LIBRE,VADN162,VADN162,LIBRE,VADN162,VADN162,VADN162,VADN162,VADN162,LIBRE
PAT002,patron,LIBRE,VADN162,VADN162,LIBRE,LIBRE,VADN162,LIBRE,LIBRE,LIBRE,LIBRE,LIBRE,LIBRE,LIBRE,LIBRE,VADN162,VADN162,LIBRE,LIBRE,LIBRE,LIBRE,VADN162,VADN162,LIBRE,LIBRE,LIBRE,LIBRE,LIBRE,LIBRE,LIBRE,LIBRE,LIBRE
PAT003,patron,LIBRE,LIBRE,LIBRE,LIBRE,LIBRE,LIBRE,VADN162,VADN162,LIBRE,LIBRE,LIBRE,LIBRE,LIBRE,LIBRE,LIBRE,LIBRE,LIBRE,LIBRE,LIBRE,LIBRE,LIBRE,LIBRE,LIBRE,LIBRE,LIBRE,LIBRE,LIBRE,LIBRE,LIBRE,LIBRE,VADN162
PAT004,patron,LIBRE,LIBRE,VADN194,LIBRE,LIBRE,LIBRE,LIBRE,LIBRE,LIBRE,VADN194,LIBRE,LIBRE,LIBRE,LIBRE,LIBRE,LIBRE,VADN194,LIBRE,LIBRE,LIBRE,LIBRE,LIBRE,LIBRE,VADN194,LIBRE,LIBRE,LIBRE,LIBRE,LIBRE,LIBRE,VADN194
PAT005,patron,LIBRE,LIBRE,LIBRE,LIBRE,LIBRE,LIBRE,LIBRE,LIBRE,LIBRE,LIBRE,LIBRE,LIBRE,LIBRE,LIBRE,LIBRE,LIBRE,LIBRE,LIBRE,LIBRE,LIBRE,LIBRE,LIBRE,LIBRE,LIBRE,LIBRE,LIBRE,LIBRE,LIBRE,LIBRE,LIBRE,LIBRE
PAT006,patron,VADN181,VADN181,VADN181,LIBRE,VADN181,VADN181,LIBRE,LIBRE,VADN181,VADN181,LIBRE,LIBRE,VADN181,VADN181,VADN181,VADN173,LIBRE,LIBRE,VADN181,VADN181,VADN173,LIBRE,LIBRE,LIBRE,LIBRE,VADN181,VADN181,VADN181,VADN181,VADN181,LIBRE
PAT007,patron,LIBRE,VADN173,LIBRE,LIBRE,LIBRE,LIBRE,VADN181,VADN181,VADN173,VADN173,LIBRE,VADN173,VADN173,VADN173,LIBRE,LIBRE,VADN173,LIBRE,VADN173,VADN173,LIBRE,LIBRE,LIBRE,VADN181,LIBRE,LIBRE,LIBRE,LIBRE,LIBRE,LIBRE,VADN173
PAT008,patron,VADN173,LIBRE,LIBRE,LIBRE,VADN173,VADN173,VADN173,VADN173,LIBRE,LIBRE,LIBRE,VADN181,LIBRE,LIBRE,VADN173,VADN181,VADN181,LIBRE,LIBRE,LIBRE,LIBRE,VADN173,VADN181,VADN173,LIBRE,VADN173,LIBRE,VADN173,VADN173,LIBRE,VADN181
PAT009,patron,LIBRE,LIBRE,VADN173,LIBRE,VAC,VAC,VAC,VAC,VAC,VAC,VAC,VAC,VAC,VAC,VAC,VAC,VAC,VAC,VAC,LIBRE,VADN181,VADN181,VADN173,LIBRE,LIBRE,LIBRE,VADN173,LIBRE,LIBRE,VADN173,LIBRE
PAT010,patron,VADN022,VADN006,LIBRE,LIBRE,VADN152,VADN025,VADN152,VADN005,VADN034,LIBRE,LIBRE,LIBRE,LIBRE,VADN025,VADN152,VADN032,VADN034,VADN052,VAC,VAC,VAC,VAC,VAC,VAC,VAC,VAC,VAC,VAC,VAC,VAC,VAC
PAT011,patron,VADN004,LIBRE,LIBRE,LIBRE,VADN005,VADN026,LIBRE,LIBRE,VADN152,VADN027,VADN052,LIBRE,VADN052,LIBRE,LIBRE,VADN002,VADN006,LIBRE,VADN034,VADN031,VADN032,VADN034,VADN029,LIBRE,LIBRE,VADN025,VADN004,VADN040,VADN031,VADN034,VADN029
PAT012,patron,LIBRE,VADN004,VADN038,LIBRE,LIBRE,VADN038,LIBRE,LIBRE,VADN031,VADN026,VADN005,VADN002,VADN004,VADN034,LIBRE,VADN031,LIBRE,LIBRE,VADN040,VADN030,LIBRE,LIBRE,VADN006,VADN001,LIBRE,VADN003,VADN152,VADN032,VADN034,VADN029,VADN031
PAT013,patron,VADN002,LIBRE,VADN030,VADN040,VADN032,LIBRE,VADN051,VADN051,LIBRE,LIBRE,LIBRE,VADN031,VADN040,LIBRE,LIBRE,VADN003,VADN028,LIBRE,VADN030,VADN032,VADN040,LIBRE,LIBRE,VADN029,LIBRE,VADN022,LIBRE,VADN034,LIBRE,LIBRE,VADN052
PAT014,patron,VADN025,VADN002,LIBRE,LIBRE,VADN029,VADN030,LIBRE,LIBRE,VADN040,VADN030,LIBRE,VADN034,VADN031,LIBRE,LIBRE,VADN025,VADN051,LIBRE,VADN032,LIBRE,LIBRE,VADN152,VADN034,VADN038,LIBRE,VADN040,VADN028,LIBRE,VADN028,VADN032,VADN038
PAT015,patron,LIBRE,VADN031,VADN034,LIBRE,LIBRE,LIBRE,VADN004,VADN001,VADN002,VADN028,LIBRE,VADN006,LIBRE,LIBRE,VADN022,VADN029,VADN030,LIBRE,VADN025,VADN025,LIBRE,LIBRE,VADN005,VADN034,LIBRE,VADN030,VADN034,LIBRE,VADN004,VADN052,VADN051
PAT016,patron,VADN003,VADN152,LIBRE,LIBRE,VADN003,VADN028,VADN034,LIBRE,LIBRE,VADN152,LIBRE,LIBRE,LIBRE,VADN004,VADN004,VADN034,VADN038,LIBRE,VADN152,LIBRE,LIBRE,VADN001,VADN025,VADN026,LIBRE,VADN032,VADN030,LIBRE,VADN006,VADN006,VADN028
PAT017,patron,VADN034,VADN032,LIBRE,VADN025,VADN022,VADN152,LIBRE,LIBRE,VADN003,VADN029,LIBRE,VADN152,LIBRE,LIBRE,VADN025,VADN006,VADN026,VADN005,VADN028,LIBRE,LIBRE,VADN003,VADN152,VADN030,LIBRE,VADN034,VADN029,VADN030,LIBRE,VADN005,LIBRE
PAT018,patron,LIBRE,LIBRE,VADN027,LIBRE,VADN040,LIBRE,LIBRE,VADN031,VADN052,VADN051,LIBRE,VADN040,LIBRE,VADN152,VADN005,VADN152,LIBRE,LIBRE,VADN029,VADN052,LIBRE,VADN030,VADN031,LIBRE,LIBRE,VADN031,LIBRE,VADN002,VADN002,VADN152,LIBRE
PAT019,patron,VADN005,VADN003,VADN052,LIBRE,LIBRE,LIBRE,VADN001,VADN004,VADN025,VADN025,VADN029,VADN028,LIBRE,LIBRE,VADN001,VADN001,VADN031,LIBRE,VADN001,LIBRE,VADN004,VADN006,VADN004,LIBRE,LIBRE,VADN028,LIBRE,VADN003,VADN003,VADN030,LIBRE
PAT020,patron,VADN026,VADN040,LIBRE,VADN052,LIBRE,LIBRE,VADN002,VADN029,VADN029,VADN034,LIBRE,VADN029,VADN032,LIBRE,VADN031,VADN052,LIBRE,LIBRE,VADN004,VADN040,VADN029,VADN040,VADN032,LIBRE,LIBRE,VADN029,LIBRE,VADN025,VADN040,VADN051,LIBRE
PAT021,patron,LIBRE,LIBRE,LIBRE,LIBRE,VADN031,VADN034,VADN028,VADN034,VADN032,LIBRE,LIBRE,VADN001,VADN029,VADN040,VADN040,VADN028,LIBRE,LIBRE,LIBRE,VADN152,VADN003,VADN004,VADN028,LIBRE,LIBRE,VADN001,VADN052,LIBRE,VADN030,VADN028,VADN026
PAT022,patron,VADN027,VADN028,VADN026,LIBRE,VAC,VAC,VAC,VAC,VAC,VAC,VAC,VAC,VAC,VAC,VAC,VAC,VAC,VAC,VAC,LIBRE,VADN030,VADN031,VADN040,VADN028,VADN052,LIBRE,VADN005,VADN006,VADN005,VADN003,VADN001
PAT023,patron,VADN051,VADN052,LIBRE,LIBRE,VADN001,VADN002,VADN006,VADN003,VADN022,LIBRE,LIBRE,VADN005,VADN152,VADN002,VADN003,VADN030,LIBRE,LIBRE,VAC,VAC,VAC,VAC,VAC,VAC,VAC,VAC,VAC,VAC,VAC,VAC,VAC
PAT024,patron,LIBRE,VADN025,VADN001,VADN005,VADN052,LIBRE,VADN052,LIBRE,LIBRE,VADN038,LIBRE,VADN003,VADN003,VADN005,VADN002,VADN040,LIBRE,LIBRE,VADN031,VADN034,VADN028,LIBRE,LIBRE,VADN006,LIBRE,VADN004,VADN022,VADN004,VADN052,LIBRE,LIBRE
PAT025,patron,VADN052,VADN051,VADN051,LIBRE,LIBRE,LIBRE,VADN025,VADN152,VADN001,VADN001,VADN028,LIBRE,LIBRE,VADN031,LIBRE,VADN005,VADN029,LIBRE,VADN005,VADN003,VADN022,LIBRE,LIBRE,VADN051,LIBRE,LIBRE,VADN040,VADN028,VADN029,VADN040,LIBRE
PAT026,patron,VADN029,LIBRE,LIBRE,VADN022,VADN034,VADN031,VADN031,LIBRE,LIBRE,VADN031,LIBRE,VADN022,VADN002,LIBRE,LIBRE,VADN004,VADN025,LIBRE,VADN022,VADN051,LIBRE,VADN032,LIBRE,LIBRE,LIBRE,LIBRE,VADN025,VADN152,VADN152,VADN001,LIBRE
PAT027,patron,VADN006,VADN034,LIBRE,LIBRE,VADN030,VADN029,LIBRE,LIBRE,VADN004,VADN022,VADN025,LIBRE,VADN025,LIBRE,VADN052,VADN051,LIBRE,LIBRE,VADN052,LIBRE,VADN025,VADN052,LIBRE,LIBRE,VADN022,VADN152,VADN006,VADN029,LIBRE,VADN025,LIBRE
PAT028,patron,VADN031,LIBRE,VADN022,LIBRE,VADN051,VADN052,LIBRE,VADN022,VADN005,LIBRE,LIBRE,VADN025,VADN001,VADN003,VADN032,LIBRE,LIBRE,VADN022,LIBRE,LIBRE,VADN002,VADN025,VADN052,LIBRE,VADN040,LIBRE,VADN002,VADN031,LIBRE,VADN004,VADN025
PAT029,patron,LIBRE,VADN022,VADN025,VADN051,LIBRE,LIBRE,VADN003,VADN028,VADN028,LIBRE,VADN022,LIBRE,VADN022,VADN001,VADN034,LIBRE,LIBRE,VADN040,LIBRE,VADN002,VADN006,VADN005,LIBRE,LIBRE,VADN029,LIBRE,VADN031,LIBRE,VADN025,VADN022,LIBRE
PAT030,patron,VADN030,LIBRE,VADN152,VADN029,VADN028,VADN032,VADN029,VADN030,LIBRE,LIBRE,LIBRE,VADN032,VADN030,VADN052,LIBRE,LIBRE,LIBRE,VADN029,LIBRE,VADN028,VADN031,VADN051,LIBRE,LIBRE,VADN028,LIBRE,VADN003,VADN022,LIBRE,VADN002,VADN152
PAT031,patron,VADN001,LIBRE,VADN005,LIBRE,VADN002,VADN027,VADN030,VADN032,VADN030,LIBRE,LIBRE,VADN004,VADN028,VADN029,VADN028,LIBRE,LIBRE,VADN028,LIBRE,VADN004,VADN034,LIBRE,LIBRE,VADN005,VADN025,VADN052,VADN051,VADN051,LIBRE,LIBRE,LIBRE
PAT032,patron,LIBRE,VADN005,VADN029,VADN028,LIBRE,VADN005,VADN032,VADN040,LIBRE,LIBRE,VADN040,VADN030,VADN034,VADN028,VADN030,LIBRE,LIBRE,VADN025,VADN051,LIBRE,VADN051,LIBRE,VADN051,LIBRE,LIBRE,VADN051,LIBRE,VADN052,VADN051,LIBRE,VADN034
PAT033,patron,VADN032,VADN029,VADN028,LIBRE,LIBRE,VADN022,VADN022,LIBRE,LIBRE,VADN005,VADN051,VADN052,VADN051,LIBRE,LIBRE,VADN022,VADN005,LIBRE,VADN003,VADN005,VADN005,VADN028,VADN030,LIBRE,LIBRE,VADN002,VADN001,LIBRE,VADN001,LIBRE,VADN022
PAT034,patron,VADN152,VADN001,LIBRE,LIBRE,VADN025,VADN051,LIBRE,VADN052,VADN051,LIBRE,LIBRE,VADN051,LIBRE,VADN032,VADN029,LIBRE,LIBRE,VADN051,LIBRE,VADN029,LIBRE,LIBRE,VADN022,VADN152,VADN005,VADN005,VADN032,LIBRE,VADN032,LIBRE,VADN006
PAT035,patron,LIBRE,LIBRE,LIBRE,LIBRE,VAC,VAC,VAC,VAC,VAC,VAC,VAC,VAC,VAC,VAC,VAC,VAC,VAC,VAC,VAC,LIBRE,LIBRE,LIBRE,LIBRE,VADN177,LIBRE,LIBRE,LIBRE,LIBRE,LIBRE,LIBRE,LIBRE
PAT036,patron,VADN177,LIBRE,LIBRE,LIBRE,LIBRE,VADN177,LIBRE,LIBRE,LIBRE,LIBRE,VADN177,LIBRE,LIBRE,LIBRE,LIBRE,LIBRE,VADN177,LIBRE,VAC,VAC,VAC,VAC,VAC,VAC,VAC,VAC,VAC,VAC,VAC,VAC,VAC
PAT037,patron,LIBRE,LIBRE,VADN177,LIBRE,LIBRE,LIBRE,LIBRE,LIBRE,LIBRE,LIBRE,LIBRE,LIBRE,LIBRE,LIBRE,LIBRE,LIBRE,LIBRE,LIBRE,LIBRE,LIBRE,LIBRE,LIBRE,LIBRE,LIBRE,VADN177,LIBRE,LIBRE,LIBRE,LIBRE,LIBRE,VADN177
PAT038,patron,LIBRE,LIBRE,LIBRE,VADN177,LIBRE,LIBRE,LIBRE,LIBRE,LIBRE,VADN177,LIBRE,LIBRE,LIBRE,LIBRE,LIBRE,LIBRE,LIBRE,LIBRE,LIBRE,LIBRE,LIBRE,LIBRE,LIBRE,LIBRE,LIBRE,LIBRE,LIBRE,LIBRE,LIBRE,LIBRE,LIBRE
PAT039,patron,LIBRE,VADU47127,LIBRE,LIBRE,LIBRE,LIBRE,VADU47127,LIBRE,LIBRE,VADU47127,LIBRE,LIBRE,VADU47127,LIBRE,VADU47127,LIBRE,LIBRE,VADU47127,LIBRE,LIBRE,VADP003,LIBRE,LIBRE,VADU47127,LIBRE,LIBRE,LIBRE,LIBRE,LIBRE,LIBRE,LIBRE
PAT040,patron,LIBRE,LIBRE,LIBRE,LIBRE,VADP003,LIBRE,LIBRE,VADP003,LIBRE,LIBRE,VADU47127,LIBRE,VADP003,LIBRE,LIBRE,LIBRE,LIBRE,LIBRE,LIBRE,LIBRE,VADU47127,LIBRE,VADU47127,LIBRE,LIBRE,LIBRE,LIBRE,LIBRE,LIBRE,VADU47127,LIBRE
PAT041,patron,LIBRE,LIBRE,VADP003,LIBRE,LIBRE,LIBRE,LIBRE,LIBRE,VADU47127,LIBRE,LIBRE,VADU47127,LIBRE,LIBRE,LIBRE,LIBRE,LIBRE,LIBRE,LIBRE,LIBRE,LIBRE,LIBRE,VADP003,LIBRE,LIBRE,VADU47127,LIBRE,VADU47127,LIBRE,LIBRE,VADP003
PAT042,patron,LIBRE,VADP003,LIBRE,LIBRE,VADU47127,LIBRE,LIBRE,LIBRE,LIBRE,LIBRE,LIBRE,LIBRE,LIBRE,VADU47127,LIBRE,VADU47127,LIBRE,LIBRE,LIBRE,LIBRE,LIBRE,VADP003,LIBRE,VADP003,LIBRE,VADP003,LIBRE,LIBRE,VADP003,LIBRE,LIBRE
PAT043,patron,VADU47127,LIBRE,LIBRE,LIBRE,LIBRE,VADU47127,LIBRE,VADU47127,LIBRE,LIBRE,LIBRE,VADP003,LIBRE,LIBRE,LIBRE,LIBRE,LIBRE,VADP003,LIBRE,VADU47127,LIBRE,LIBRE,LIBRE,LIBRE,VADU47127,LIBRE,LIBRE,VADP003,LIBRE,LIBRE,LIBRE
PAT044,patron,LIBRE,LIBRE,LIBRE,VADP003,LIBRE,VADP003,LIBRE,LIBRE,LIBRE,LIBRE,LIBRE,LIBRE,LIBRE,LIBRE,LIBRE,VADP003,LIBRE,LIBRE,LIBRE,VADP003,LIBRE,VADU47127,LIBRE,LIBRE,LIBRE,LIBRE,VADU47127,LIBRE,VADU47127,LIBRE,LIBRE
PAT045,patron,LIBRE,LIBRE,LIBRE,VADU47127,LIBRE,LIBRE,LIBRE,LIBRE,VADP003,LIBRE,VADP003,LIBRE,LIBRE,LIBRE,VADP003,LIBRE,VADP003,LIBRE,VADP003,LIBRE,LIBRE,LIBRE,LIBRE,LIBRE,LIBRE,LIBRE,VADP003,LIBRE,LIBRE,LIBRE,LIBRE
PAT046,patron,VADP003,LIBRE,LIBRE,LIBRE,LIBRE,LIBRE,VADP003,LIBRE,LIBRE,VADP003,LIBRE,LIBRE,LIBRE,VADP003,LIBRE,LIBRE,VADU47127,LIBRE,VADU47127,LIBRE,LIBRE,LIBRE,LIBRE,LIBRE,VADP003,LIBRE,LIBRE,LIBRE,LIBRE,LIBRE,VADU47127
COR001,correturno,VADN038,LIBRE,LIBRE,LIBRE,VADN012,VADN001,VADN012,VADN012,VADN012,LIBRE,LIBRE,VADN012,VADN012,VADN022,VADN012,LIBRE,LIBRE,VADN177,LIBRE,LIBRE,VADN001,VADN022,VADN001,VADN022,LIBRE,VADN176,LIBRE,VADN001,VADN022,VADP003,LIBRE
COR002,correturno,LIBRE,VADN011,VADU47127,LIBRE,VAC,VAC,VAC,VAC,VAC,VAC,VAC,VAC,VAC,VAC,VAC,VAC,VAC,VAC,VAC,VADN013,VADN013,VADN013,VADN013,LIBRE,LIBRE,VADN013,VADN013,VADN013,VADN013,VADN013,VADN002
COR003,correturno,VADN028,LIBRE,VADN003,LIBRE,VADN171,LIBRE,VADN040,VADN171,VADN171,LIBRE,LIBRE,VADN171,VADN171,VADN171,VADN171,VADN171,LIBRE,LIBRE,VAC,VAC,VAC,VAC,VAC,VAC,VAC,VAC,VAC,VAC,VAC,VAC,VAC
COR004,correturno,LIBRE,LIBRE,LIBRE,LIBRE,VADN007,VADN004,VADN007,VADN007,VADN007,LIBRE,LIBRE,VADN007,VADN007,VADN051,VADN051,LIBRE,LIBRE,LIBRE,VADN172,VADN172,VADN172,VADN029,LIBRE,LIBRE,VADN051,LIBRE,VADN172,VADN172,VADN172,VADN172,LIBRE
COR005,correturno,LIBRE,VADN030,LIBRE,LIBRE,VADN008,LIBRE,VADN005,LIBRE,LIBRE,VADN052,LIBRE,VADN023,VADN005,VADN030,LIBRE,LIBRE,VADN052,LIBRE,VADN008,VADN008,VADN052,LIBRE,LIBRE,VADN052,LIBRE,VADN008,VADN008,VADN005,VADN008,VADN008,VADN030
COR006,correturno,LIBRE,VADN024,VADN031,LIBRE,VADN009,LIBRE,LIBRE,VADN006,VADN006,VADN006,LIBRE,VADN024,LIBRE,VADN006,VADN006,VADN024,LIBRE,LIBRE,VADN006,VADN006,LIBRE,LIBRE,VADN024,VADN031,LIBRE,VADN006,LIBRE,VADN024,VADN024,VADN031,VADN027
