id_trab,id_turno,lv,sab,dom,fest,v
FIJ001,VADN012,1,0,0,0,0
FIJ002,VADN013,1,0,0,0,0
FIJ003,VADN014,1,0,0,0,0
FIJ004,VADN015,1,0,0,0,0
FIJ005,VADN016,1,0,0,0,0
FIJ006,VADN017,1,0,0,0,0
FIJ007,VADN018,1,0,0,0,0
FIJ008,VADN019,1,0,0,0,0
FIJ009,VADN020,1,0,0,0,0
FIJ010,VADN021,1,0,0,0,0
FIJ011,VADN023,1,0,0,0,0
FIJ012,VADN024,1,0,0,0,0
FIJ013,VADN033,1,0,0,0,0
FIJ014,VADN035,1,0,0,0,0
FIJ015,VADN036,1,0,0,0,0
FIJ016,VADN037,1,0,0,0,0
FIJ017,VADN039,1,0,0,0,0
FIJ018,VADP001,1,0,0,0,0
FIJ019,VADP002,1,0,0,0,0
FIJ020,H,1,0,0,0,0
FIJ021,REF CAL M,1,0,0,0,0
FIJ022,REF CAL T,1,0,0,0,0
FIJ023,VADN151,1,0,0,0,0
FIJ024,VADN153,1,0,0,0,0
FIJ025,VADN161,1,0,0,0,0
FIJ026,VADN164,1,0,0,0,0
FIJ027,VADN171,1,0,0,0,0
FIJ028,VADN172,1,0,0,0,0
FIJ029,VADN174,1,0,0,0,0
FIJ030,VADN175,1,0,0,0,0
FIJ031,VADN176,1,0,0,0,0
FIJ032,VADN178,1,0,0,0,0
FIJ033,VADN179,1,0,0,0,0
FIJ034,VADN182,1,0,0,0,0
FIJ035,VADN183,1,0,0,0,0
FIJ036,VADN191,1,0,0,0,0
FIJ037,VADN192,1,0,0,0,0
FIJ038,VADN193,1,0,0,0,0
FIJ039,VADN195,1,0,0,0,0
MIX001,VADN007,1,0,0,0,0
MIX001,VADN001,0,1,0,0,0
MIX002,VADN008,1,0,0,0,0
MIX002,VADN002,0,1,0,0,0
MIX003,VADN009,1,0,0,0,0
MIX003,VADN003,0,1,0,0,0
MIX004,VADN010,1,0,0,0,0
MIX004,VADN005,0,1,1,0,0
MIX005,VADN011,1,0,0,0,0
MIX005,VADN006,0,1,0,0,0
PAT001,VADN162,1,1,0,1,0
PAT002,VADN162,1,1,0,1,0
PAT003,VADN162,1,1,0,1,0
PAT004,VADN194,0,1,0,0,0
PAT005,VADN194,0,1,0,0,0
PAT006,VADN173,1,1,0,1,0
PAT006,VADN181,1,1,0,1,0
PAT007,VADN173,1,1,0,1,0
PAT007,VADN181,1,1,0,1,0
PAT008,VADN173,1,1,0,1,0
PAT008,VADN181,1,1,0,1,0
PAT009,VADN173,1,1,0,1,0
PAT009,VADN181,1,1,0,1,0
PAT010,VADN001,1,1,0,1,0
PAT010,VADN002,1,1,0,1,0
PAT010,VADN003,1,1,0,1,0
PAT010,VADN004,1,0,0,1,0
PAT010,VADN005,1,1,1,1,0
PAT010,VADN006,1,1,0,1,0
PAT010,VADN022,1,1,1,1,0
PAT010,VADN025,1,1,1,1,0
PAT010,VADN028,1,1,1,1,0
PAT010,VADN029,1,1,1,1,0
PAT010,VADN030,1,1,0,1,0
PAT010,VADN031,1,1,0,1,0
PAT010,VADN032,1,0,0,1,0
PAT010,VADN034,1,1,0,1,0
PAT010,VADN040,1,0,1,0,0
PAT010,VADN051,1,1,1,1,0
PAT010,VADN052,1,1,1,1,0
PAT010,VADN027,0,1,0,1,0
PAT010,VADN038,0,1,0,1,0
PAT010,VADN026,0,1,0,1,0
PAT010,VADN152,1,1,0,1,0
PAT011,VADN001,1,1,0,1,0
PAT011,VADN002,1,1,0,1,0
PAT011,VADN003,1,1,0,1,0
PAT011,VADN004,1,0,0,1,0
PAT011,VADN005,1,1,1,1,0
PAT011,VADN006,1,1,0,1,0
PAT011,VADN022,1,1,1,1,0
PAT011,VADN025,1,1,1,1,0
PAT011,VADN028,1,1,1,1,0
PAT011,VADN029,1,1,1,1,0
PAT011,VADN030,1,1,0,1,0
PAT011,VADN031,1,1,0,1,0
PAT011,VADN032,1,0,0,1,0
PAT011,VADN034,1,1,0,1,0
PAT011,VADN040,1,0,1,0,0
PAT011,VADN051,1,1,1,1,0
PAT011,VADN052,1,1,1,1,0
PAT011,VADN027,0,1,0,1,0
PAT011,VADN038,0,1,0,1,0
PAT011,VADN026,0,1,0,1,0
PAT011,VADN152,1,1,0,1,0
PAT012,VADN001,1,1,0,1,0
PAT012,VADN002,1,1,0,1,0
PAT012,VADN003,1,1,0,1,0
PAT012,VADN004,1,0,0,1,0
PAT012,VADN005,1,1,1,1,0
PAT012,VADN006,1,1,0,1,0
PAT012,VADN022,1,1,1,1,0
PAT012,VADN025,1,1,1,1,0
PAT012,VADN028,1,1,1,1,0
PAT012,VADN029,1,1,1,1,0
PAT012,VADN030,1,1,0,1,0
PAT012,VADN031,1,1,0,1,0
PAT012,VADN032,1,0,0,1,0
PAT012,VADN034,1,1,0,1,0
PAT012,VADN040,1,0,1,0,0
PAT012,VADN051,1,1,1,1,0
PAT012,VADN052,1,1,1,1,0
PAT012,VADN027,0,1,0,1,0
PAT012,VADN038,0,1,0,1,0
PAT012,VADN026,0,1,0,1,0
PAT012,VADN152,1,1,0,1,0
PAT013,VADN001,1,1,0,1,0
PAT013,VADN002,1,1,0,1,0
PAT013,VADN003,1,1,0,1,0
PAT013,VADN004,1,0,0,1,0
PAT013,VADN005,1,1,1,1,0
PAT013,VADN006,1,1,0,1,0
PAT013,VADN022,1,1,1,1,0
PAT013,VADN025,1,1,1,1,0
PAT013,VADN028,1,1,1,1,0
PAT013,VADN029,1,1,1,1,0
PAT013,VADN030,1,1,0,1,0
PAT013,VADN031,1,1,0,1,0
PAT013,VADN032,1,0,0,1,0
PAT013,VADN034,1,1,0,1,0
PAT013,VADN040,1,0,1,0,0
PAT013,VADN051,1,1,1,1,0
PAT013,VADN052,1,1,1,1,0
PAT013,VADN027,0,1,0,1,0
PAT013,VADN038,0,1,0,1,0
PAT013,VADN026,0,1,0,1,0
PAT013,VADN152,1,1,0,1,0
PAT014,VADN001,1,1,0,1,0
PAT014,VADN002,1,1,0,1,0
PAT014,VADN003,1,1,0,1,0
PAT014,VADN004,1,0,0,1,0
PAT014,VADN005,1,1,1,1,0
PAT014,VADN006,1,1,0,1,0
PAT014,VADN022,1,1,1,1,0
PAT014,VADN025,1,1,1,1,0
PAT014,VADN028,1,1,1,1,0
PAT014,VADN029,1,1,1,1,0
PAT014,VADN030,1,1,0,1,0
PAT014,VADN031,1,1,0,1,0
PAT014,VADN032,1,0,0,1,0
PAT014,VADN034,1,1,0,1,0
PAT014,VADN040,1,0,1,0,0
PAT014,VADN051,1,1,1,1,0
PAT014,VADN052,1,1,1,1,0
PAT014,VADN027,0,1,0,1,0
PAT014,VADN038,0,1,0,1,0
PAT014,VADN026,0,1,0,1,0
PAT014,VADN152,1,1,0,1,0
PAT015,VADN001,1,1,0,1,0
PAT015,VADN002,1,1,0,1,0
PAT015,VADN003,1,1,0,1,0
PAT015,VADN004,1,0,0,1,0
PAT015,VADN005,1,1,1,1,0
PAT015,VADN006,1,1,0,1,0
PAT015,VADN022,1,1,1,1,0
PAT015,VADN025,1,1,1,1,0
PAT015,VADN028,1,1,1,1,0
PAT015,VADN029,1,1,1,1,0
PAT015,VADN030,1,1,0,1,0
PAT015,VADN031,1,1,0,1,0
PAT015,VADN032,1,0,0,1,0
PAT015,VADN034,1,1,0,1,0
PAT015,VADN040,1,0,1,0,0
PAT015,VADN051,1,1,1,1,0
PAT015,VADN052,1,1,1,1,0
PAT015,VADN027,0,1,0,1,0
PAT015,VADN038,0,1,0,1,0
PAT015,VADN026,0,1,0,1,0
PAT015,VADN152,1,1,0,1,0
PAT016,VADN001,1,1,0,1,0
PAT016,VADN002,1,1,0,1,0
PAT016,VADN003,1,1,0,1,0
PAT016,VADN004,1,0,0,1,0
PAT016,VADN005,1,1,1,1,0
PAT016,VADN006,1,1,0,1,0
PAT016,VADN022,1,1,1,1,0
PAT016,VADN025,1,1,1,1,0
PAT016,VADN028,1,1,1,1,0
PAT016,VADN029,1,1,1,1,0
PAT016,VADN030,1,1,0,1,0
PAT016,VADN031,1,1,0,1,0
PAT016,VADN032,1,0,0,1,0
PAT016,VADN034,1,1,0,1,0
PAT016,VADN040,1,0,1,0,0
PAT016,VADN051,1,1,1,1,0
PAT016,VADN052,1,1,1,1,0
PAT016,VADN027,0,1,0,1,0
PAT016,VADN038,0,1,0,1,0
PAT016,VADN026,0,1,0,1,0
PAT016,VADN152,1,1,0,1,0
PAT017,VADN001,1,1,0,1,0
PAT017,VADN002,1,1,0,1,0
PAT017,VADN003,1,1,0,1,0
PAT017,VADN004,1,0,0,1,0
PAT017,VADN005,1,1,1,1,0
PAT017,VADN006,1,1,0,1,0
PAT017,VADN022,1,1,1,1,0
PAT017,VADN025,1,1,1,1,0
PAT017,VADN028,1,1,1,1,0
PAT017,VADN029,1,1,1,1,0
PAT017,VADN030,1,1,0,1,0
PAT017,VADN031,1,1,0,1,0
PAT017,VADN032,1,0,0,1,0
PAT017,VADN034,1,1,0,1,0
PAT017,VADN040,1,0,1,0,0
PAT017,VADN051,1,1,1,1,0
PAT017,VADN052,1,1,1,1,0
PAT017,VADN027,0,1,0,1,0
PAT017,VADN038,0,1,0,1,0
PAT017,VADN026,0,1,0,1,0
PAT017,VADN152,1,1,0,1,0
PAT018,VADN001,1,1,0,1,0
PAT018,VADN002,1,1,0,1,0
PAT018,VADN003,1,1,0,1,0
PAT018,VADN004,1,0,0,1,0
PAT018,VADN005,1,1,1,1,0
PAT018,VADN006,1,1,0,1,0
PAT018,VADN022,1,1,1,1,0
PAT018,VADN025,1,1,1,1,0
PAT018,VADN028,1,1,1,1,0
PAT018,VADN029,1,1,1,1,0
PAT018,VADN030,1,1,0,1,0
PAT018,VADN031,1,1,0,1,0
PAT018,VADN032,1,0,0,1,0
PAT018,VADN034,1,1,0,1,0
PAT018,VADN040,1,0,1,0,0
PAT018,VADN051,1,1,1,1,0
PAT018,VADN052,1,1,1,1,0
PAT018,VADN027,0,1,0,1,0
PAT018,VADN038,0,1,0,1,0
PAT018,VADN026,0,1,0,1,0
PAT018,VADN152,1,1,0,1,0
PAT019,VADN001,1,1,0,1,0
PAT019,VADN002,1,1,0,1,0
PAT019,VADN003,1,1,0,1,0
PAT019,VADN004,1,0,0,1,0
PAT019,VADN005,1,1,1,1,0
PAT019,VADN006,1,1,0,1,0
PAT019,VADN022,1,1,1,1,0
PAT019,VADN025,1,1,1,1,0
PAT019,VADN028,1,1,1,1,0
PAT019,VADN029,1,1,1,1,0
PAT019,VADN030,1,1,0,1,0
PAT019,VADN031,1,1,0,1,0
PAT019,VADN032,1,0,0,1,0
PAT019,VADN034,1,1,0,1,0
PAT019,VADN040,1,0,1,0,0
PAT019,VADN051,1,1,1,1,0
PAT019,VADN052,1,1,1,1,0
PAT019,VADN027,0,1,0,1,0
PAT019,VADN038,0,1,0,1,0
PAT019,VADN026,0,1,0,1,0
PAT019,VADN152,1,1,0,1,0
PAT020,VADN001,1,1,0,1,0
PAT020,VADN002,1,1,0,1,0
PAT020,VADN003,1,1,0,1,0
PAT020,VADN004,1,0,0,1,0
PAT020,VADN005,1,1,1,1,0
PAT020,VADN006,1,1,0,1,0
PAT020,VADN022,1,1,1,1,0
PAT020,VADN025,1,1,1,1,0
PAT020,VADN028,1,1,1,1,0
PAT020,VADN029,1,1,1,1,0
PAT020,VADN030,1,1,0,1,0
PAT020,VADN031,1,1,0,1,0
PAT020,VADN032,1,0,0,1,0
PAT020,VADN034,1,1,0,1,0
PAT020,VADN040,1,0,1,0,0
PAT020,VADN051,1,1,1,1,0
PAT020,VADN052,1,1,1,1,0
PAT020,VADN027,0,1,0,1,0
PAT020,VADN038,0,1,0,1,0
PAT020,VADN026,0,1,0,1,0
PAT020,VADN152,1,1,0,1,0
PAT021,VADN001,1,1,0,1,0
PAT021,VADN002,1,1,0,1,0
PAT021,VADN003,1,1,0,1,0
PAT021,VADN004,1,0,0,1,0
PAT021,VADN005,1,1,1,1,0
PAT021,VADN006,1,1,0,1,0
PAT021,VADN022,1,1,1,1,0
PAT021,VADN025,1,1,1,1,0
PAT021,VADN028,1,1,1,1,0
PAT021,VADN029,1,1,1,1,0
PAT021,VADN030,1,1,0,1,0
PAT021,VADN031,1,1,0,1,0
PAT021,VADN032,1,0,0,1,0
PAT021,VADN034,1,1,0,1,0
PAT021,VADN040,1,0,1,0,0
PAT021,VADN051,1,1,1,1,0
PAT021,VADN052,1,1,1,1,0
PAT021,VADN027,0,1,0,1,0
PAT021,VADN038,0,1,0,1,0
PAT021,VADN026,0,1,0,1,0
PAT021,VADN152,1,1,0,1,0
PAT022,VADN001,1,1,0,1,0
PAT022,VADN002,1,1,0,1,0
PAT022,VADN003,1,1,0,1,0
PAT022,VADN004,1,0,0,1,0
PAT022,VADN005,1,1,1,1,0
PAT022,VADN006,1,1,0,1,0
PAT022,VADN022,1,1,1,1,0
PAT022,VADN025,1,1,1,1,0
PAT022,VADN028,1,1,1,1,0
PAT022,VADN029,1,1,1,1,0
PAT022,VADN030,1,1,0,1,0
PAT022,VADN031,1,1,0,1,0
PAT022,VADN032,1,0,0,1,0
PAT022,VADN034,1,1,0,1,0
PAT022,VADN040,1,0,1,0,0
PAT022,VADN051,1,1,1,1,0
PAT022,VADN052,1,1,1,1,0
PAT022,VADN027,0,1,0,1,0
PAT022,VADN038,0,1,0,1,0
PAT022,VADN026,0,1,0,1,0
PAT022,VADN152,1,1,0,1,0
PAT023,VADN001,1,1,0,1,0
PAT023,VADN002,1,1,0,1,0
PAT023,VADN003,1,1,0,1,0
PAT023,VADN004,1,0,0,1,0
PAT023,VADN005,1,1,1,1,0
PAT023,VADN006,1,1,0,1,0
PAT023,VADN022,1,1,1,1,0
PAT023,VADN025,1,1,1,1,0
PAT023,VADN028,1,1,1,1,0
PAT023,VADN029,1,1,1,1,0
PAT023,VADN030,1,1,0,1,0
PAT023,VADN031,1,1,0,1,0
PAT023,VADN032,1,0,0,1,0
PAT023,VADN034,1,1,0,1,0
PAT023,VADN040,1,0,1,0,0
PAT023,VADN051,1,1,1,1,0
PAT023,VADN052,1,1,1,1,0
PAT023,VADN027,0,1,0,1,0
PAT023,VADN038,0,1,0,1,0
PAT023,VADN026,0,1,0,1,0
PAT023,VADN152,1,1,0,1,0
PAT024,VADN001,1,1,0,1,0
PAT024,VADN002,1,1,0,1,0
PAT024,VADN003,1,1,0,1,0
PAT024,VADN004,1,0,0,1,0
PAT024,VADN005,1,1,1,1,0
PAT024,VADN006,1,1,0,1,0
PAT024,VADN022,1,1,1,1,0
PAT024,VADN025,1,1,1,1,0
PAT024,VADN028,1,1,1,1,0
PAT024,VADN029,1,1,1,1,0
PAT024,VADN030,1,1,0,1,0
PAT024,VADN031,1,1,0,1,0
PAT024,VADN032,1,0,0,1,0
PAT024,VADN034,1,1,0,1,0
PAT024,VADN040,1,0,1,0,0
PAT024,VADN051,1,1,1,1,0
PAT024,VADN052,1,1,1,1,0
PAT024,VADN027,0,1,0,1,0
PAT024,VADN038,0,1,0,1,0
PAT024,VADN026,0,1,0,1,0
PAT024,VADN152,1,1,0,1,0
PAT025,VADN001,1,1,0,1,0
PAT025,VADN002,1,1,0,1,0
PAT025,VADN003,1,1,0,1,0
PAT025,VADN004,1,0,0,1,0
PAT025,VADN005,1,1,1,1,0
PAT025,VADN006,1,1,0,1,0
PAT025,VADN022,1,1,1,1,0
PAT025,VADN025,1,1,1,1,0
PAT025,VADN028,1,1,1,1,0
PAT025,VADN029,1,1,1,1,0
PAT025,VADN030,1,1,0,1,0
PAT025,VADN031,1,1,0,1,0
PAT025,VADN032,1,0,0,1,0
PAT025,VADN034,1,1,0,1,0
PAT025,VADN040,1,0,1,0,0
PAT025,VADN051,1,1,1,1,0
PAT025,VADN052,1,1,1,1,0
PAT025,VADN027,0,1,0,1,0
PAT025,VADN038,0,1,0,1,0
PAT025,VADN026,0,1,0,1,0
PAT025,VADN152,1,1,0,1,0
PAT026,VADN001,1,1,0,1,0
PAT026,VADN002,1,1,0,1,0
PAT026,VADN003,1,1,0,1,0
PAT026,VADN004,1,0,0,1,0
PAT026,VADN005,1,1,1,1,0
PAT026,VADN006,1,1,0,1,0
PAT026,VADN022,1,1,1,1,0
PAT026,VADN025,1,1,1,1,0
PAT026,VADN028,1,1,1,1,0
PAT026,VADN029,1,1,1,1,0
PAT026,VADN030,1,1,0,1,0
PAT026,VADN031,1,1,0,1,0
PAT026,VADN032,1,0,0,1,0
PAT026,VADN034,1,1,0,1,0
PAT026,VADN040,1,0,1,0,0
PAT026,VADN051,1,1,1,1,0
PAT026,VADN052,1,1,1,1,0
PAT026,VADN027,0,1,0,1,0
PAT026,VADN038,0,1,0,1,0
PAT026,VADN026,0,1,0,1,0
PAT026,VADN152,1,1,0,1,0
PAT027,VADN001,1,1,0,1,0
PAT027,VADN002,1,1,0,1,0
PAT027,VADN003,1,1,0,1,0
PAT027,VADN004,1,0,0,1,0
PAT027,VADN005,1,1,1,1,0
PAT027,VADN006,1,1,0,1,0
PAT027,VADN022,1,1,1,1,0
PAT027,VADN025,1,1,1,1,0
PAT027,VADN028,1,1,1,1,0
PAT027,VADN029,1,1,1,1,0
PAT027,VADN030,1,1,0,1,0
PAT027,VADN031,1,1,0,1,0
PAT027,VADN032,1,0,0,1,0
PAT027,VADN034,1,1,0,1,0
PAT027,VADN040,1,0,1,0,0
PAT027,VADN051,1,1,1,1,0
PAT027,VADN052,1,1,1,1,0
PAT027,VADN027,0,1,0,1,0
PAT027,VADN038,0,1,0,1,0
PAT027,VADN026,0,1,0,1,0
PAT027,VADN152,1,1,0,1,0
PAT028,VADN001,1,1,0,1,0
PAT028,VADN002,1,1,0,1,0
PAT028,VADN003,1,1,0,1,0
PAT028,VADN004,1,0,0,1,0
PAT028,VADN005,1,1,1,1,0
PAT028,VADN006,1,1,0,1,0
PAT028,VADN022,1,1,1,1,0
PAT028,VADN025,1,1,1,1,0
PAT028,VADN028,1,1,1,1,0
PAT028,VADN029,1,1,1,1,0
PAT028,VADN030,1,1,0,1,0
PAT028,VADN031,1,1,0,1,0
PAT028,VADN032,1,0,0,1,0
PAT028,VADN034,1,1,0,1,0
PAT028,VADN040,1,0,1,0,0
PAT028,VADN051,1,1,1,1,0
PAT028,VADN052,1,1,1,1,0
PAT028,VADN027,0,1,0,1,0
PAT028,VADN038,0,1,0,1,0
PAT028,VADN026,0,1,0,1,0
PAT028,VADN152,1,1,0,1,0
PAT029,VADN001,1,1,0,1,0
PAT029,VADN002,1,1,0,1,0
PAT029,VADN003,1,1,0,1,0
PAT029,VADN004,1,0,0,1,0
PAT029,VADN005,1,1,1,1,0
PAT029,VADN006,1,1,0,1,0
PAT029,VADN022,1,1,1,1,0
PAT029,VADN025,1,1,1,1,0
PAT029,VADN028,1,1,1,1,0
PAT029,VADN029,1,1,1,1,0
PAT029,VADN030,1,1,0,1,0
PAT029,VADN031,1,1,0,1,0
PAT029,VADN032,1,0,0,1,0
PAT029,VADN034,1,1,0,1,0
PAT029,VADN040,1,0,1,0,0
PAT029,VADN051,1,1,1,1,0
PAT029,VADN052,1,1,1,1,0
PAT029,VADN027,0,1,0,1,0
PAT029,VADN038,0,1,0,1,0
PAT029,VADN026,0,1,0,1,0
PAT029,VADN152,1,1,0,1,0
PAT030,VADN001,1,1,0,1,0
PAT030,VADN002,1,1,0,1,0
PAT030,VADN003,1,1,0,1,0
PAT030,VADN004,1,0,0,1,0
PAT030,VADN005,1,1,1,1,0
PAT030,VADN006,1,1,0,1,0
PAT030,VADN022,1,1,1,1,0
PAT030,VADN025,1,1,1,1,0
PAT030,VADN028,1,1,1,1,0
PAT030,VADN029,1,1,1,1,0
PAT030,VADN030,1,1,0,1,0
PAT030,VADN031,1,1,0,1,0
PAT030,VADN032,1,0,0,1,0
PAT030,VADN034,1,1,0,1,0
PAT030,VADN040,1,0,1,0,0
PAT030,VADN051,1,1,1,1,0
PAT030,VADN052,1,1,1,1,0
PAT030,VADN027,0,1,0,1,0
PAT030,VADN038,0,1,0,1,0
PAT030,VADN026,0,1,0,1,0
PAT030,VADN152,1,1,0,1,0
PAT031,VADN001,1,1,0,1,0
PAT031,VADN002,1,1,0,1,0
PAT031,VADN003,1,1,0,1,0
PAT031,VADN004,1,0,0,1,0
PAT031,VADN005,1,1,1,1,0
PAT031,VADN006,1,1,0,1,0
PAT031,VADN022,1,1,1,1,0
PAT031,VADN025,1,1,1,1,0
PAT031,VADN028,1,1,1,1,0
PAT031,VADN029,1,1,1,1,0
PAT031,VADN030,1,1,0,1,0
PAT031,VADN031,1,1,0,1,0
PAT031,VADN032,1,0,0,1,0
PAT031,VADN034,1,1,0,1,0
PAT031,VADN040,1,0,1,0,0
PAT031,VADN051,1,1,1,1,0
PAT031,VADN052,1,1,1,1,0
PAT031,VADN027,0,1,0,1,0
PAT031,VADN038,0,1,0,1,0
PAT031,VADN026,0,1,0,1,0
PAT031,VADN152,1,1,0,1,0
PAT032,VADN001,1,1,0,1,0
PAT032,VADN002,1,1,0,1,0
PAT032,VADN003,1,1,0,1,0
PAT032,VADN004,1,0,0,1,0
PAT032,VADN005,1,1,1,1,0
PAT032,VADN006,1,1,0,1,0
PAT032,VADN022,1,1,1,1,0
PAT032,VADN025,1,1,1,1,0
PAT032,VADN028,1,1,1,1,0
PAT032,VADN029,1,1,1,1,0
PAT032,VADN030,1,1,0,1,0
PAT032,VADN031,1,1,0,1,0
PAT032,VADN032,1,0,0,1,0
PAT032,VADN034,1,1,0,1,0
PAT032,VADN040,1,0,1,0,0
PAT032,VADN051,1,1,1,1,0
PAT032,VADN052,1,1,1,1,0
PAT032,VADN027,0,1,0,1,0
PAT032,VADN038,0,1,0,1,0
PAT032,VADN026,0,1,0,1,0
PAT032,VADN152,1,1,0,1,0
PAT033,VADN001,1,1,0,1,0
PAT033,VADN002,1,1,0,1,0
PAT033,VADN003,1,1,0,1,0
PAT033,VADN004,1,0,0,1,0
PAT033,VADN005,1,1,1,1,0
PAT033,VADN006,1,1,0,1,0
PAT033,VADN022,1,1,1,1,0
PAT033,VADN025,1,1,1,1,0
PAT033,VADN028,1,1,1,1,0
PAT033,VADN029,1,1,1,1,0
PAT033,VADN030,1,1,0,1,0
PAT033,VADN031,1,1,0,1,0
PAT033,VADN032,1,0,0,1,0
PAT033,VADN034,1,1,0,1,0
PAT033,VADN040,1,0,1,0,0
PAT033,VADN051,1,1,1,1,0
PAT033,VADN052,1,1,1,1,0
PAT033,VADN027,0,1,0,1,0
PAT033,VADN038,0,1,0,1,0
PAT033,VADN026,0,1,0,1,0
PAT033,VADN152,1,1,0,1,0
PAT034,VADN001,1,1,0,1,0
PAT034,VADN002,1,1,0,1,0
PAT034,VADN003,1,1,0,1,0
PAT034,VADN004,1,0,0,1,0
PAT034,VADN005,1,1,1,1,0
PAT034,VADN006,1,1,0,1,0
PAT034,VADN022,1,1,1,1,0
PAT034,VADN025,1,1,1,1,0
PAT034,VADN028,1,1,1,1,0
PAT034,VADN029,1,1,1,1,0
PAT034,VADN030,1,1,0,1,0
PAT034,VADN031,1,1,0,1,0
PAT034,VADN032,1,0,0,1,0
PAT034,VADN034,1,1,0,1,0
PAT034,VADN040,1,0,1,0,0
PAT034,VADN051,1,1,1,1,0
PAT034,VADN052,1,1,1,1,0
PAT034,VADN027,0,1,0,1,0
PAT034,VADN038,0,1,0,1,0
PAT034,VADN026,0,1,0,1,0
PAT034,VADN152,1,1,0,1,0
PAT035,VADN177,0,1,1,1,0
PAT036,VADN177,0,1,1,1,0
PAT037,VADN177,0,1,1,1,0
PAT038,VADN177,0,1,1,1,0
PAT039,VADP003,1,1,1,1,0
PAT039,VADU47127,1,1,1,1,0
PAT040,VADP003,1,1,1,1,0
PAT040,VADU47127,1,1,1,1,0
PAT041,VADP003,1,1,1,1,0
PAT041,VADU47127,1,1,1,1,0
PAT042,VADP003,1,1,1,1,0
PAT042,VADU47127,1,1,1,1,0
PAT043,VADP003,1,1,1,1,0
PAT043,VADU47127,1,1,1,1,0
PAT044,VADP003,1,1,1,1,0
PAT044,VADU47127,1,1,1,1,0
PAT045,VADP003,1,1,1,1,0
PAT045,VADU47127,1,1,1,1,0
PAT046,VADP003,1,1,1,1,0
PAT046,VADU47127,1,1,1,1,0
COR001,VADN012,0,0,0,0,1
COR002,VADN013,0,0,0,0,1
COR003,VADN014,0,0,0,0,1
COR004,VADN015,0,0,0,0,1
COR005,VADN016,0,0,0,0,1
COR006,VADN017,0,0,0,0,1
COR001,VADN018,0,0,0,0,1
COR002,VADN019,0,0,0,0,1
COR003,VADN020,0,0,0,0,1
COR004,VADN021,0,0,0,0,1
COR005,VADN023,0,0,0,0,1
COR006,VADN024,0,0,0,0,1
COR001,VADN033,0,0,0,0,1
COR002,VADN035,0,0,0,0,1
COR003,VADN036,0,0,0,0,1
COR004,VADN037,0,0,0,0,1
COR005,VADN039,0,0,0,0,1
COR006,VADP001,0,0,0,0,1
COR001,VADP002,0,0,0,0,1
COR002,H,0,0,0,0,1
COR003,REF CAL M,0,0,0,0,1
COR004,REF CAL T,0,0,0,0,1
COR005,VADN151,0,0,0,0,1
COR006,VADN153,0,0,0,0,1
COR001,VADN161,0,0,0,0,1
COR002,VADN164,0,0,0,0,1
COR003,VADN171,0,0,0,0,1
COR004,VADN172,0,0,0,0,1
COR005,VADN174,0,0,0,0,1
COR006,VADN175,0,0,0,0,1
COR001,VADN176,0,0,0,0,1
COR002,VADN178,0,0,0,0,1
COR003,VADN179,0,0,0,0,1
COR004,VADN182,0,0,0,0,1
COR005,VADN183,0,0,0,0,1
COR006,VADN191,0,0,0,0,1
COR001,VADN192,0,0,0,0,1
COR002,VADN193,0,0,0,0,1
COR003,VADN195,0,0,0,0,1
COR004,VADN007,0,0,0,0,1
COR005,VADN008,0,0,0,0,1
COR006,VADN009,0,0,0,0,1
COR001,VADN010,0,0,0,0,1
COR002,VADN011,0,0,0,0,1
COR001,VADN001,0,0,0,0,1
COR002,VADN002,0,0,0,0,1
COR003,VADN003,0,0,0,0,1
COR004,VADN004,0,0,0,0,1
COR005,VADN005,0,0,0,0,1
COR006,VADN006,0,0,0,0,1
COR001,VADN022,0,0,0,0,1
COR002,VADN025,0,0,0,0,1
COR003,VADN028,0,0,0,0,1
COR004,VADN029,0,0,0,0,1
COR005,VADN030,0,0,0,0,1
COR006,VADN031,0,0,0,0,1
COR001,VADN032,0,0,0,0,1
COR002,VADN034,0,0,0,0,1
COR003,VADN040,0,0,0,0,1
COR004,VADN051,0,0,0,0,1
COR005,VADN052,0,0,0,0,1
COR006,VADN027,0,0,0,0,1
COR001,VADN038,0,0,0,0,1
COR002,VADN026,0,0,0,0,1
COR003,VADN152,0,0,0,0,1
COR004,VADN162,0,0,0,0,1
COR005,VADN173,0,0,0,0,1
COR006,VADN181,0,0,0,0,1
COR001,VADN194,0,0,0,0,1
COR001,VADP003,0,0,0,0,1
COR002,VADU47127,0,0,0,0,1
COR001,VADN177,0,0,0,0,1
